{"weights": [[77.79495793997081, 4.893540542667903, -5.319332446055452, 31.1646266183908, 5.109338146322651, -13.39117136160714, -13.796835021749484, -8.969530724455273, -1.671070563558789, -5.9738842769948315], [1.3834822538909464, 32.44065724707158, -28.853734287693147, -13.43133716934786, 8.31382232421134, -2.923217973685252, -0.8269884273547556, 3.7682308429759703, -21.62019035969212, -0.7998800614615498]], "bias": [-8.489999999999746, -14.999999999999968, -33.1999999999994, -42.340000000000416, -106.44999999999511, -165.15000000000907, -43.45999999999984, -32.489999999999924, -63.49000000000361, -26.759999999999728]}